"fold","cv_accuracy"
1,0.531791907514451
2,0.540462427745665
3,0.545629202689721
4,0.546153846153846
5,0.523535062439962
