"fold","cv_accuracy"
1,0.561657032755299
2,0.555876685934489
3,0.574447646493756
4,0.553846153846154
5,0.545629202689721
